fecha,imagen,nombre,distribuidor,precio
06-04-2023,https://m.media-amazon.com/images/W/IMAGERENDERING_521856-T1/images/I/61JNPqSDvdS._AC_UY218_.jpg,davines champú - 280 ml,CorradoEquipe,"23,52 €"
06-04-2023,https://m.media-amazon.com/images/W/IMAGERENDERING_521856-T1/images/I/61R0Gfz7SoL._AC_UY218_.jpg,davines champú love smoothing - 250 ml,CorradoEquipe,"23,01 €"
06-04-2023,https://m.media-amazon.com/images/W/IMAGERENDERING_521856-T1/images/I/71XAYvBZTkL._AC_UY218_.jpg,davines heart of glass silkening champu 250 ml,CorradoEquipe,"20,00 €"
06-04-2023,https://m.media-amazon.com/images/W/IMAGERENDERING_521856-T1/images/I/51tqI4Llw6L._AC_UY218_.jpg,"davines minu - champú, 250 ml",CorradoEquipe,"23,01 €"
06-04-2023,https://m.media-amazon.com/images/W/IMAGERENDERING_521856-T1/images/I/71IXlMO4HRL._AC_UY218_.jpg,davines love smooth mask 250ml disciplinante nuevo formato,CorradoEquipe,"25,90 €"
06-04-2023,https://m.media-amazon.com/images/W/IMAGERENDERING_521856-T1/images/I/614MHILl3bL._AC_UY218_.jpg,"davines volu - champú, 250 ml",CorradoEquipe,"20,50 €"
06-04-2023,https://m.media-amazon.com/images/W/IMAGERENDERING_521856-T1/images/I/71wmKzvGLML._AC_UY218_.jpg,davines naturaltech shampoing energizing 250ml.,CorradoEquipe,"24,02 €"
06-04-2023,https://m.media-amazon.com/images/W/IMAGERENDERING_521856-T1/images/I/617LFfN0y2L._AC_UY218_.jpg,davines essential solu champú 400 g (881-14861),CorradoEquipe,"24,00 €"
06-04-2023,https://m.media-amazon.com/images/W/IMAGERENDERING_521856-T1/images/I/61frKUCrCDL._AC_UY218_.jpg,davines heart of glass rich acondicionador 250 ml,CorradoEquipe,"32,50 €"
06-04-2023,https://m.media-amazon.com/images/W/IMAGERENDERING_521856-T1/images/I/61PkAII-MvL._AC_UY218_.jpg,davines davines love mask rizo 250ml 250 ml,CorradoEquipe,"29,96 €"
06-04-2023,https://m.media-amazon.com/images/W/IMAGERENDERING_521856-T1/images/I/7101O1RUYlL._AC_UY218_.jpg,davines essential champú dede 295000 g,CorradoEquipe,"19,86 €"
06-04-2023,https://m.media-amazon.com/images/W/IMAGERENDERING_521856-T1/images/I/71m++AbY9-L._AC_UY218_.jpg,davines love smoothing conditioner - acondicionador suavizante para cabellos rebeldes 250ml - new formula 2022,CorradoEquipe,"24,95 €"
06-04-2023,https://m.media-amazon.com/images/W/IMAGERENDERING_521856-T1/images/I/81rSIbr2v9L._AC_UY218_.jpg,"davines 69230 - champú, 250 ml",CorradoEquipe,"22,53 €"
06-04-2023,https://m.media-amazon.com/images/W/IMAGERENDERING_521856-T1/images/I/81rPSzWE1YL._AC_UY218_.jpg,davines naturaltech renewing shampoo 250ml - champù de longevidad todo.,CorradoEquipe,"26,68 €"
06-04-2023,https://m.media-amazon.com/images/W/IMAGERENDERING_521856-T1/images/I/61lQ8RVz8nL._AC_UY218_.jpg,davines alchemic system alchemic conditioner silver 250ml.,CorradoEquipe,"36,11 €"
06-04-2023,https://m.media-amazon.com/images/W/IMAGERENDERING_521856-T1/images/I/81DpKjyy8+L._AC_UY218_.jpg,davines naturaltech renewing conditioning treatment 250ml - acondicion.,CorradoEquipe,"32,44 €"
06-04-2023,https://m.media-amazon.com/images/W/IMAGERENDERING_521856-T1/images/I/61L3TxAWYWL._AC_UY218_.jpg,davines naturaltech calming shampoo 250ml,CorradoEquipe,
06-04-2023,https://m.media-amazon.com/images/W/IMAGERENDERING_521856-T1/images/I/814Az5MT9xL._AC_UY218_.jpg,davines naturaltech replumping hair filler superactivo 100 ml,CorradoEquipe,"39,60 €"
06-04-2023,https://m.media-amazon.com/images/W/IMAGERENDERING_521856-T1/images/I/81aUdq7DtvL._AC_UY218_.jpg,davines momo moisturizing acondicionador - 250 ml,CorradoEquipe,"26,58 €"
06-04-2023,https://m.media-amazon.com/images/W/IMAGERENDERING_521856-T1/images/I/61mzpZS4r9L._AC_UY218_.jpg,davines liquid spell 125ml,CorradoEquipe,"40,31 €"
06-04-2023,https://m.media-amazon.com/images/W/IMAGERENDERING_521856-T1/images/I/71YTZdSpIXL._AC_UY218_.jpg,davines energizing superactive hair serum 100ml,CorradoEquipe,"74,50 €"
06-04-2023,https://m.media-amazon.com/images/W/IMAGERENDERING_521856-T1/images/I/51oj72l8V+L._AC_UY218_.jpg,davines love acondicionador taming enchancing curl - 250 ml (paquete de 1),CorradoEquipe,"23,43 €"
06-04-2023,https://m.media-amazon.com/images/W/IMAGERENDERING_521856-T1/images/I/91J036FcEYL._AC_UY218_.jpg,davines more inside forming pomade 75ml,CorradoEquipe,"24,50 €"
06-04-2023,https://m.media-amazon.com/images/W/IMAGERENDERING_521856-T1/images/I/71eUK8V6OGL._AC_UY218_.jpg,davines naturaltech energizing seasonal superactive hair lotion 100ml,CorradoEquipe,"77,80 €"
06-04-2023,https://m.media-amazon.com/images/W/IMAGERENDERING_521856-T1/images/I/71kTypzJCUL._AC_UY218_.jpg,"davines dededede barra de champú, 3.53 oz",CorradoEquipe,"18,70 €"
06-04-2023,https://m.media-amazon.com/images/W/IMAGERENDERING_521856-T1/images/I/61cid+W5wCL._AC_UY218_.jpg,davines this is a curl gel oil 250ml new,CorradoEquipe,"34,62 €"
06-04-2023,https://m.media-amazon.com/images/W/IMAGERENDERING_521856-T1/images/I/51z18aFaY+L._AC_UY218_.jpg,"daviness, cuidado del pelo y del cuero cabelludo - 60 ml",CorradoEquipe,"16,50 €"
06-04-2023,https://m.media-amazon.com/images/W/IMAGERENDERING_521856-T1/images/I/71aMsFzcohL._AC_UY218_.jpg,"davines natural tech energizing gel (for scalp & fragile, thinning hai.",CorradoEquipe,"35,70 €"
06-04-2023,https://m.media-amazon.com/images/W/IMAGERENDERING_521856-T1/images/I/71edqAexSeL._AC_UY218_.jpg,davines authentic fórmulas cleansing nectar c&c - 280 ml,CorradoEquipe,"24,80 €"
06-04-2023,https://m.media-amazon.com/images/W/IMAGERENDERING_521856-T1/images/I/31WfmI0AeIL._AC_UY218_.jpg,"davines, set de regalo de pelo - 400 ml.",CorradoEquipe,"27,50 €"
06-04-2023,https://m.media-amazon.com/images/W/IMAGERENDERING_521856-T1/images/I/61Sk9fwSlGL._AC_UY218_.jpg,"daviness, acondicionador de pelo - 75 gr.",CorradoEquipe,"12,50 €"
06-04-2023,https://m.media-amazon.com/images/W/IMAGERENDERING_521856-T1/images/I/717j3O4NbpL._AC_UY218_.jpg,"davines we stand for regeneration - lavado para el cabello y el cuerpo de edición limitada, 8.45 onzas líquidas",CorradoEquipe,"18,80 €"
06-04-2023,https://m.media-amazon.com/images/W/IMAGERENDERING_521856-T1/images/I/61WZVvH5WTS._AC_UY218_.jpg,"davines soporte para barra de champú, 1 ct.",CorradoEquipe,"12,50 €"
